{"initial_reset_timestamp": 1598631439.6847618, "timestamps": [1598631467.3780787, 1598631494.3434427, 1598631521.6478834, 1598631549.2728488, 1598631576.310265], "episode_lengths": [1000, 1000, 1000, 1000, 1000], "episode_rewards": [1129.1826120344579, 1092.6316359831994, 1310.326044774827, 1086.3106728043308, 1124.0095356769646], "episode_types": ["t", "t", "t", "t", "t"]}